{
    "101.1": {
        "101.1": [
            17.6261914252226,
            -39.26095406661919
        ],
        "101.2": [
            -3.438862651305743,
            9.070975561233686
        ],
        "101.3": [
            -5.837442729668728,
            11.071128361741625
        ],
        "105.1": [
            -8.393424488201237,
            18.695692412675808
        ],
        "105.2": [
            1.6375536434789242,
            -4.319512172016041
        ],
        "105.3": [
            2.779734633175585,
            -5.271965886543631
        ],
        "197.1": [
            -9.232766937021362,
            20.565261653943388
        ],
        "197.2": [
            1.8013090078268188,
            -4.751463389217645
        ],
        "197.3": [
            3.057708096493144,
            -5.799162475197994
        ]
    },
    "101.2": {
        "101.1": [
            -3.438862651305743,
            9.070975561233686
        ],
        "101.2": [
            19.619255750773203,
            -40.681183522617815
        ],
        "101.3": [
            -9.529867881532091,
            13.964808252669584
        ],
        "105.1": [
            1.6375536434789242,
            -4.319512172016041
        ],
        "105.2": [
            -9.342502738463429,
            19.371992153627534
        ],
        "105.3": [
            4.538032324539091,
            -6.649908691747422
        ],
        "197.1": [
            1.8013090078268188,
            -4.751463389217645
        ],
        "197.2": [
            -10.276753012309774,
            21.309191368990284
        ],
        "197.3": [
            4.991835556993,
            -7.314899560922162
        ]
    },
    "101.3": {
        "101.1": [
            -5.837442729668728,
            11.071128361741625
        ],
        "101.2": [
            -9.529867881532091,
            13.964808252669584
        ],
        "101.3": [
            30.645464623679413,
            -50.982815080934735
        ],
        "102.3": [
            -8.706669045770115,
            8.826539647489895
        ],
        "105.1": [
            2.779734633175585,
            -5.271965886543631
        ],
        "105.2": [
            4.538032324539091,
            -6.649908691747422
        ],
        "105.3": [
            -10.447045513290142,
            20.074416873068973
        ],
        "197.1": [
            3.057708096493144,
            -5.799162475197994
        ],
        "197.2": [
            4.991835556993,
            -7.314899560922162
        ],
        "197.3": [
            -11.491750064619158,
            22.081858560375867
        ]
    },
    "102.3": {
        "101.3": [
            -8.706669045770115,
            8.826539647489895
        ],
        "102.3": [
            14.734363000534039,
            -14.937220941905975
        ],
        "103.3": [
            -6.027693954763924,
            6.11068129441608
        ]
    },
    "103.3": {
        "102.3": [
            -6.027693954763924,
            6.11068129441608
        ],
        "103.3": [
            8.826266148047175,
            -8.947783323966403
        ],
        "104.3": [
            -2.798572193283251,
            2.837102029550323
        ]
    },
    "104.3": {
        "103.3": [
            -2.798572193283251,
            2.837102029550323
        ],
        "104.3": [
            2.798572193283251,
            -2.837102029550323
        ]
    },
    "105.1": {
        "101.1": [
            -8.393424488201237,
            18.695692412675808
        ],
        "101.2": [
            1.6375536434789242,
            -4.319512172016041
        ],
        "101.3": [
            2.779734633175585,
            -5.271965886543631
        ],
        "105.1": [
            15.495552901294591,
            -34.515124454170724
        ],
        "105.2": [
            -3.023175957191861,
            7.97448400987577
        ],
        "105.3": [
            -5.131817784324156,
            9.732860098234395
        ],
        "108.1": [
            -7.102128413093355,
            15.819432041494915
        ],
        "108.2": [
            1.385622313712937,
            -3.654971837859729
        ],
        "108.3": [
            2.3520831511485714,
            -4.460894211690764
        ]
    },
    "105.2": {
        "101.1": [
            1.6375536434789242,
            -4.319512172016041
        ],
        "101.2": [
            -9.342502738463429,
            19.371992153627534
        ],
        "101.3": [
            4.538032324539091,
            -6.649908691747422
        ],
        "105.1": [
            -3.023175957191861,
            7.97448400987577
        ],
        "105.2": [
            25.954366409087214,
            -44.5902174695715
        ],
        "105.3": [
            -8.377905829918323,
            12.276754507841394
        ],
        "106.2": [
            -8.706669045770115,
            8.826539647489895
        ],
        "108.1": [
            1.385622313712937,
            -3.654971837859729
        ],
        "108.2": [
            -7.905194624853672,
            16.39168566845407
        ],
        "108.3": [
            3.839873505379231,
            -5.626845816093972
        ]
    },
    "105.3": {
        "101.1": [
            2.779734633175585,
            -5.271965886543631
        ],
        "101.2": [
            4.538032324539091,
            -6.649908691747422
        ],
        "101.3": [
            -10.447045513290142,
            20.074416873068973
        ],
        "105.1": [
            -5.131817784324156,
            9.732860098234395
        ],
        "105.2": [
            -8.377905829918323,
            12.276754507841394
        ],
        "105.3": [
            19.286853255304877,
            -37.06046191951195
        ],
        "108.1": [
            2.3520831511485714,
            -4.460894211690764
        ],
        "108.2": [
            3.839873505379231,
            -5.626845816093972
        ],
        "108.3": [
            -8.839807742014735,
            16.986045046442975
        ]
    },
    "106.2": {
        "105.2": [
            -8.706669045770115,
            8.826539647489895
        ],
        "106.2": [
            12.113626498462768,
            -12.280402987812028
        ],
        "107.2": [
            -3.4069574526926534,
            3.453863340322133
        ]
    },
    "107.2": {
        "106.2": [
            -3.4069574526926534,
            3.453863340322133
        ],
        "107.2": [
            3.4069574526926534,
            -3.453863340322133
        ]
    },
    "108.1": {
        "105.1": [
            -7.102128413093355,
            15.819432041494915
        ],
        "105.2": [
            1.385622313712937,
            -3.654971837859729
        ],
        "105.3": [
            2.3520831511485714,
            -4.460894211690764
        ],
        "108.1": [
            13.763654670233752,
            -25.37401727872571
        ],
        "108.2": [
            -1.8359495656696418,
            4.84283768516414
        ],
        "108.3": [
            -3.1165101752718574,
            5.910684830490263
        ],
        "109.1": [
            -4.353334522885057,
            4.4132698237449475
        ],
        "300.1": [
            -2.3081917342553404,
            5.141315413485847
        ],
        "300.2": [
            0.4503272519567047,
            -1.1878658473044112
        ],
        "300.3": [
            0.764427024123286,
            -1.4497906187994984
        ]
    },
    "108.2": {
        "105.1": [
            1.385622313712937,
            -3.654971837859729
        ],
        "105.2": [
            -7.905194624853672,
            16.39168566845407
        ],
        "105.3": [
            3.839873505379231,
            -5.626845816093972
        ],
        "108.1": [
            -1.8359495656696418,
            4.84283768516414
        ],