{
    "610.1": {
        "610.1": [
            6.116934135827518,
            -13.100835234977101
        ],
        "610.2": [
            -3.058467067913759,
            6.5504176174885504
        ],
        "610.3": [
            -3.058467067913759,
            6.5504176174885504
        ],
        "61S.1": [
            -0.7058000925954828,
            1.5116348348050501
        ],
        "61S.2": [
            0.3529000462977414,
            -0.7558174174025251
        ],
        "61S.3": [
            0.3529000462977414,
            -0.7558174174025251
        ]
    },
    "610.2": {
        "610.1": [
            -3.058467067913759,
            6.5504176174885504
        ],
        "610.2": [
            6.116934135827518,
            -13.100835234977101
        ],
        "610.3": [
            -3.058467067913759,
            6.5504176174885504
        ],
        "61S.1": [
            0.3529000462977414,
            -0.7558174174025251
        ],
        "61S.2": [
            -0.7058000925954828,
            1.5116348348050501
        ],
        "61S.3": [
            0.3529000462977414,
            -0.7558174174025251
        ]
    },
    "610.3": {
        "610.1": [
            -3.058467067913759,
            6.5504176174885504
        ],
        "610.2": [
            -3.058467067913759,
            6.5504176174885504
        ],
        "610.3": [
            6.116934135827518,
            -13.100835234977101
        ],
        "61S.1": [
            0.3529000462977414,
            -0.7558174174025251
        ],
        "61S.2": [
            0.3529000462977414,
            -0.7558174174025251
        ],
        "61S.3": [
            -0.7058000925954828,
            1.5116348348050501
        ]
    },
    "61S.1": {
        "610.1": [
            -0.7058000925954828,
            1.5116348348050501
        ],
        "610.2": [
            0.3529000462977414,
            -0.7558174174025251
        ],
        "610.3": [
            0.3529000462977414,
            -0.7558174174025251
        ],
        "61S.1": [
            0.08143847222255571,
            -0.17441940401596737
        ],
        "61S.2": [
            -0.040719236111277854,
            0.08720970200798368
        ],
        "61S.3": [
            -0.040719236111277854,
            0.08720970200798368
        ]
    },
    "61S.2": {
        "610.1": [
            0.3529000462977414,
            -0.7558174174025251
        ],
        "610.2": [
            -0.7058000925954828,
            1.5116348348050501
        ],
        "610.3": [
            0.3529000462977414,
            -0.7558174174025251
        ],
        "61S.1": [
            -0.040719236111277854,
            0.08720970200798368
        ],
        "61S.2": [
            0.08143847222255571,
            -0.17441940401596737
        ],
        "61S.3": [
            -0.040719236111277854,
            0.08720970200798368
        ]
    },
    "61S.3": {
        "610.1": [
            0.3529000462977414,
            -0.7558174174025251
        ],
        "610.2": [
            0.3529000462977414,
            -0.7558174174025251
        ],
        "610.3": [
            -0.7058000925954828,
            1.5116348348050501
        ],
        "61S.1": [
            -0.040719236111277854,
            0.08720970200798368
        ],
        "61S.2": [
            -0.040719236111277854,
            0.08720970200798368
        ],
        "61S.3": [
            0.08143847222255571,
            -0.17441940401596737
        ]
    }
}