{
    "13.1": {
        "13.1": {
            "error": [
                500.00000000000006,
                -500.0
            ],
            "percentError": [
                97.64741798594525,
                95.3381309562775
            ]
        }
    },
    "13.2": {
        "13.2": {
            "error": [
                500.0,
                -500.0
            ],
            "percentError": [
                97.58491645922118,
                95.30463671151433
            ]
        }
    },
    "13.3": {
        "13.3": {
            "error": [
                500.00000000000006,
                -500.0
            ],
            "percentError": [
                95.44386428541196,
                93.13851221093545
            ]
        }
    },
    "135.1": {
        "135.1": {
            "error": [
                500.0,
                -500.0
            ],
            "percentError": [
                98.78393460621184,
                97.33114602002665
            ]
        }
    },
    "135.2": {
        "135.2": {
            "error": [
                500.0,
                -500.0
            ],
            "percentError": [
                98.49088974849117,
                97.13995888965069
            ]
        }
    },
    "135.3": {
        "135.3": {
            "error": [
                500.0,
                -500.00000000000006
            ],
            "percentError": [
                98.64828788048668,
                97.23726987731486
            ]
        }
    },
    "149.1": {
        "149.1": {
            "error": [
                500.0,
                -500.0
            ],
            "percentError": [
                98.73169840130491,
                97.40546050221704
            ]
        }
    },
    "149.2": {
        "149.2": {
            "error": [
                500.0,
                -499.99999999999994
            ],
            "percentError": [
                98.58387345728356,
                97.31391000416363
            ]
        }
    },
    "149.3": {
        "149.3": {
            "error": [
                500.0,
                -500.0
            ],
            "percentError": [
                98.8590715410638,
                97.49376891577256
            ]
        }
    },
    "152.1": {
        "152.1": {
            "error": [
                500.0,
                -500.0
            ],
            "percentError": [
                98.73169840130491,
                97.40546050221704
            ]
        }
    },
    "152.2": {
        "152.2": {
            "error": [
                500.0,
                -499.99999999999994
            ],
            "percentError": [
                98.58387345728356,
                97.31391000416363
            ]
        }
    },
    "152.3": {
        "152.3": {
            "error": [
                500.0,
                -500.0
            ],
            "percentError": [
                98.8590715410638,
                97.49376891577256
            ]
        }
    },
    "18.1": {
        "18.1": {
            "error": [
                499.99999999999994,
                -500.0
            ],
            "percentError": [
                95.98867011561768,
                93.8021352364784
            ]
        }
    },
    "18.2": {
        "18.2": {
            "error": [
                500.0,
                -500.00000000000006
            ],
            "percentError": [
                97.94476990289739,
                95.5347779679616
            ]
        }
    },
    "18.3": {
        "18.3": {
            "error": [
                500.0,
                -499.99999999999994
            ],
            "percentError": [
                97.71768075595712,
                95.38071388881411
            ]
        }
    },
    "197.1": {
        "197.1": {
            "error": [
                500.0,
                -500.0
            ],
            "percentError": [
                98.18692599210466,
                96.04943641675142
            ]
        }
    },
    "197.2": {
        "197.2": {
            "error": [
                500.0,
                -499.99999999999994
            ],
            "percentError": [
                97.98604326933508,
                95.9123699098742
            ]
        }
    },
    "197.3": {
        "197.3": {
            "error": [
                500.0,
                -500.0
            ],
            "percentError": [
                97.75328730851136,
                95.77042216688665
            ]
        }
    },
    "60.1": {
        "60.1": {
            "error": [
                500.0,
                -500.00000000000006
            ],
            "percentError": [
                95.85181956309987,
                95.51179170627587
            ]
        }
    },
    "60.2": {
        "60.2": {
            "error": [
                500.0,
                -500.0
            ],
            "percentError": [
                95.77270080370002,
                95.6103845374465
            ]
        }
    },
    "60.3": {
        "60.3": {
            "error": [
                500.0,
                -500.00000000000006
            ],
            "percentError": [
                95.90216009327509,
                95.54534326722356
            ]
        }
    },
    "61.1": {
        "61.1": {
            "error": [
                500.0,
                -500.0
            ],
            "percentError": [
                98.96609668367299,
                98.03206349056326
            ]
        }
    },
    "61.2": {
        "61.2": {
            "error": [
                500.0,
                -500.0
            ],
            "percentError": [
                99.07439717309872,
                98.09961502741504
            ]
        }
    },
    "61.3": {
        "61.3": {
            "error": [
                500.0,
                -500.0
            ],
            "percentError": [
                99.16764386950844,
                98.16474217453526
            ]
        }
    },
    "61S.1": {
        "61S.1": {
            "error": [
                500.0,
                -500.0
            ],
            "percentError": [
                99.98371495801337,
                99.96512828380472
            ]
        }
    },
    "61S.2": {
        "61S.2": {
            "error": [
                500.0,
                -500.0
            ],
            "percentError": [
                99.98371495801337,
                99.96512828380472
            ]
        }
    },
    "61S.3": {
        "61S.3": {
            "error": [
                500.0,
                -500.0
            ],
            "percentError": [
                99.98371495801337,
                99.96512828380472
            ]
        }
    },
    "83.1": {
        "83.1": {
            "error": [
                0.0,
                -0.03467085799999836
            ],
            "percentError": [
                0.0,
                0.16270377134278463
            ]
        }
    },
    "83.2": {
        "83.2": {
            "error": [
                0.0,
                -0.03467085799999836
            ],
            "percentError": [
                0.0,
                0.1685894329156285
            ]
        }
    },
    "83.3": {
        "83.3": {
            "error": [
                0.0,
                -0.03467085799999836
            ],
            "percentError": [
                0.0,
                0.1570105972067607
            ]
        }
    },
    "88.1": {
        "88.1": {
            "error": [
                0.0,
                -0.00866610599999973
            ],
            "percentError": [
                0.0,
                0.07636406718666103
            ]
        }
    },
    "90.2": {
        "90.2": {
            "error": [
                0.0,
                -0.00866610599999973
            ],